table,panel,window,series,field,observed,expected,match
T1,Painel A,5Y,Portfólio A (TR),mult_5Y,"2,38","2,38",True
T1,Painel A,10Y,Portfólio A (TR),mult_10Y,"8,65","8,65",True
T1,Painel A,15Y,Portfólio A (TR),mult_15Y,"5,89","5,89",True
T1,Painel A,20Y,Portfólio A (TR),mult_20Y,"10,09","10,09",True
T1,Painel A,25Y,Portfólio A (TR),mult_25Y,"51,35","51,35",True
T1,Painel A,5Y,Portfólio A (TR),cagr_5Y,"19,17","19,17",True
T1,Painel A,10Y,Portfólio A (TR),cagr_10Y,"24,44","24,44",True
T1,Painel A,15Y,Portfólio A (TR),cagr_15Y,"12,76","12,76",True
T1,Painel A,20Y,Portfólio A (TR),cagr_20Y,"12,48","12,48",True
T1,Painel A,25Y,Portfólio A (TR),cagr_25Y,"17,37","17,37",True
T1,Painel A,5Y,Portfólio B (TR),mult_5Y,"2,54","2,54",True
T1,Painel A,10Y,Portfólio B (TR),mult_10Y,"10,10","10,10",True
T1,Painel A,15Y,Portfólio B (TR),mult_15Y,"7,28","7,28",True
T1,Painel A,20Y,Portfólio B (TR),mult_20Y,"14,83","14,83",True
T1,Painel A,25Y,Portfólio B (TR),mult_25Y,"48,43","48,43",True
T1,Painel A,5Y,Portfólio B (TR),cagr_5Y,"20,73","20,73",True
T1,Painel A,10Y,Portfólio B (TR),cagr_10Y,"26,40","26,40",True
T1,Painel A,15Y,Portfólio B (TR),cagr_15Y,"14,39","14,39",True
T1,Painel A,20Y,Portfólio B (TR),cagr_20Y,"14,71","14,71",True
T1,Painel A,25Y,Portfólio B (TR),cagr_25Y,"17,09","17,09",True
T1,Painel A,5Y,Portfólio C (TR),mult_5Y,"2,44","2,44",True
T1,Painel A,10Y,Portfólio C (TR),mult_10Y,"9,98","9,98",True
T1,Painel A,15Y,Portfólio C (TR),mult_15Y,"5,81","5,81",True
T1,Painel A,20Y,Portfólio C (TR),mult_20Y,"10,76","10,76",True
T1,Painel A,25Y,Portfólio C (TR),mult_25Y,"53,10","53,10",True
T1,Painel A,5Y,Portfólio C (TR),cagr_5Y,"19,74","19,74",True
T1,Painel A,10Y,Portfólio C (TR),cagr_10Y,"26,25","26,25",True
T1,Painel A,15Y,Portfólio C (TR),cagr_15Y,"12,66","12,66",True
T1,Painel A,20Y,Portfólio C (TR),cagr_20Y,"12,85","12,85",True
T1,Painel A,25Y,Portfólio C (TR),cagr_25Y,"17,53","17,53",True
T1,Painel A,5Y,CDI (TR),mult_5Y,"1,70","1,70",True
T1,Painel A,10Y,CDI (TR),mult_10Y,"2,45","2,45",True
T1,Painel A,15Y,CDI (TR),mult_15Y,"4,02","4,02",True
T1,Painel A,20Y,CDI (TR),mult_20Y,"6,96","6,96",True
T1,Painel A,25Y,CDI (TR),mult_25Y,"16,59","16,59",True
T1,Painel A,5Y,CDI (TR),cagr_5Y,"11,27","11,27",True
T1,Painel A,10Y,CDI (TR),cagr_10Y,"9,38","9,38",True
T1,Painel A,15Y,CDI (TR),cagr_15Y,"9,75","9,75",True
T1,Painel A,20Y,CDI (TR),cagr_20Y,"10,22","10,22",True
T1,Painel A,25Y,CDI (TR),cagr_25Y,"11,93","11,93",True
T1,Painel A,5Y,Ibovespa (TR),mult_5Y,"1,57","1,57",True
T1,Painel A,10Y,Ibovespa (TR),mult_10Y,"4,60","4,60",True
T1,Painel A,15Y,Ibovespa (TR),mult_15Y,"2,88","2,88",True
T1,Painel A,20Y,Ibovespa (TR),mult_20Y,"5,03","5,03",True
T1,Painel A,25Y,Ibovespa (TR),mult_25Y,"10,99","10,99",True
T1,Painel A,5Y,Ibovespa (TR),cagr_5Y,"9,53","9,53",True
T1,Painel A,10Y,Ibovespa (TR),cagr_10Y,"16,74","16,74",True
T1,Painel A,15Y,Ibovespa (TR),cagr_15Y,"7,42","7,42",True
T1,Painel A,20Y,Ibovespa (TR),cagr_20Y,"8,56","8,56",True
T1,Painel A,25Y,Ibovespa (TR),cagr_25Y,"10,24","10,24",True
T1,Painel A,5Y,S&P 500 em BRL (PR),mult_5Y,"1,71","1,71",True
T1,Painel A,10Y,S&P 500 em BRL (PR),mult_10Y,"4,95","4,95",True
T1,Painel A,15Y,S&P 500 em BRL (PR),mult_15Y,"16,38","16,38",True
T1,Painel A,20Y,S&P 500 em BRL (PR),mult_20Y,"13,21","13,21",True
T1,Painel A,25Y,S&P 500 em BRL (PR),mult_25Y,"13,70","13,70",True
T1,Painel A,5Y,S&P 500 em BRL (PR),cagr_5Y,"11,36","11,36",True
T1,Painel A,10Y,S&P 500 em BRL (PR),cagr_10Y,"17,38","17,38",True
T1,Painel A,15Y,S&P 500 em BRL (PR),cagr_15Y,"20,54","20,54",True
T1,Painel A,20Y,S&P 500 em BRL (PR),cagr_20Y,"13,80","13,80",True
T1,Painel A,25Y,S&P 500 em BRL (PR),cagr_25Y,"11,06","11,06",True
T1,Painel A,5Y,S&P 500 em BRL (TR),mult_5Y,"1,84","1,84",True
T1,Painel A,10Y,S&P 500 em BRL (TR),mult_10Y,"5,88","5,88",True
T1,Painel A,15Y,S&P 500 em BRL (TR),mult_15Y,"21,64","21,64",True
T1,Painel A,20Y,S&P 500 em BRL (TR),mult_20Y,"19,40","19,40",True
T1,Painel A,25Y,S&P 500 em BRL (TR),mult_25Y,"21,89","21,89",True
T1,Painel A,5Y,S&P 500 em BRL (TR),cagr_5Y,"13,01","13,01",True
T1,Painel A,10Y,S&P 500 em BRL (TR),cagr_10Y,"19,41","19,41",True
T1,Painel A,15Y,S&P 500 em BRL (TR),cagr_15Y,"22,80","22,80",True
T1,Painel A,20Y,S&P 500 em BRL (TR),cagr_20Y,"16,01","16,01",True
T1,Painel A,25Y,S&P 500 em BRL (TR),cagr_25Y,"13,17","13,17",True
T1,Painel B,5Y,Portfólio A (TR),mult_5Y,"2,14","2,14",True
T1,Painel B,10Y,Portfólio A (TR),mult_10Y,"4,33","4,33",True
T1,Painel B,15Y,Portfólio A (TR),mult_15Y,"4,86","4,86",True
T1,Painel B,20Y,Portfólio A (TR),mult_20Y,"10,93","10,93",True
T1,Painel B,25Y,Portfólio A (TR),mult_25Y,"48,11","48,11",True
T1,Painel B,5Y,Portfólio A (TR),cagr_5Y,"16,63","16,63",True
T1,Painel B,10Y,Portfólio A (TR),cagr_10Y,"16,04","16,04",True
T1,Painel B,15Y,Portfólio A (TR),cagr_15Y,"11,30","11,30",True
T1,Painel B,20Y,Portfólio A (TR),cagr_20Y,"12,94","12,94",True
T1,Painel B,25Y,Portfólio A (TR),cagr_25Y,"17,07","17,07",True
T1,Painel B,5Y,Portfólio B (TR),mult_5Y,"1,93","1,93",True
T1,Painel B,10Y,Portfólio B (TR),mult_10Y,"5,46","5,46",True
T1,Painel B,15Y,Portfólio B (TR),mult_15Y,"5,54","5,54",True
T1,Painel B,20Y,Portfólio B (TR),mult_20Y,"15,33","15,33",True
T1,Painel B,25Y,Portfólio B (TR),mult_25Y,"40,59","40,59",True
T1,Painel B,5Y,Portfólio B (TR),cagr_5Y,"14,18","14,18",True
T1,Painel B,10Y,Portfólio B (TR),cagr_10Y,"18,82","18,82",True
T1,Painel B,15Y,Portfólio B (TR),cagr_15Y,"12,30","12,30",True
T1,Painel B,20Y,Portfólio B (TR),cagr_20Y,"14,90","14,90",True
T1,Painel B,25Y,Portfólio B (TR),cagr_25Y,"16,26","16,26",True
T1,Painel B,5Y,Portfólio C (TR),mult_5Y,"2,29","2,29",True
T1,Painel B,10Y,Portfólio C (TR),mult_10Y,"5,20","5,20",True
T1,Painel B,15Y,Portfólio C (TR),mult_15Y,"5,08","5,08",True
T1,Painel B,20Y,Portfólio C (TR),mult_20Y,"12,37","12,37",True
T1,Painel B,25Y,Portfólio C (TR),mult_25Y,"47,98","47,98",True
T1,Painel B,5Y,Portfólio C (TR),cagr_5Y,"18,22","18,22",True
T1,Painel B,10Y,Portfólio C (TR),cagr_10Y,"18,24","18,24",True
T1,Painel B,15Y,Portfólio C (TR),cagr_15Y,"11,64","11,64",True
T1,Painel B,20Y,Portfólio C (TR),cagr_20Y,"13,66","13,66",True
T1,Painel B,25Y,Portfólio C (TR),cagr_25Y,"17,06","17,06",True
T1,Painel B,5Y,CDI (TR),mult_5Y,"1,60","1,60",True
T1,Painel B,10Y,CDI (TR),mult_10Y,"2,43","2,43",True
T1,Painel B,15Y,CDI (TR),mult_15Y,"3,94","3,94",True
T1,Painel B,20Y,CDI (TR),mult_20Y,"7,07","7,07",True
T1,Painel B,25Y,CDI (TR),mult_25Y,"16,65","16,65",True
T1,Painel B,5Y,CDI (TR),cagr_5Y,"9,92","9,92",True
T1,Painel B,10Y,CDI (TR),cagr_10Y,"9,34","9,34",True
T1,Painel B,15Y,CDI (TR),cagr_15Y,"9,61","9,61",True
T1,Painel B,20Y,CDI (TR),cagr_20Y,"10,31","10,31",True
T1,Painel B,25Y,CDI (TR),cagr_25Y,"11,95","11,95",True
T1,Painel B,5Y,Ibovespa (TR),mult_5Y,"1,31","1,31",True
T1,Painel B,10Y,Ibovespa (TR),mult_10Y,"2,75","2,75",True
T1,Painel B,15Y,Ibovespa (TR),mult_15Y,"2,02","2,02",True
T1,Painel B,20Y,Ibovespa (TR),mult_20Y,"5,01","5,01",True
T1,Painel B,25Y,Ibovespa (TR),mult_25Y,"8,07","8,07",True
T1,Painel B,5Y,Ibovespa (TR),cagr_5Y,"5,68","5,68",True
T1,Painel B,10Y,Ibovespa (TR),cagr_10Y,"10,84","10,84",True
T1,Painel B,15Y,Ibovespa (TR),cagr_15Y,"4,89","4,89",True
T1,Painel B,20Y,Ibovespa (TR),cagr_20Y,"8,55","8,55",True
T1,Painel B,25Y,Ibovespa (TR),cagr_25Y,"8,87","8,87",True
T1,Painel B,5Y,S&P 500 em BRL (PR),mult_5Y,"1,91","1,91",True
T1,Painel B,10Y,S&P 500 em BRL (PR),mult_10Y,"4,72","4,72",True
T1,Painel B,15Y,S&P 500 em BRL (PR),mult_15Y,"17,59","17,59",True
T1,Painel B,20Y,S&P 500 em BRL (PR),mult_20Y,"12,39","12,39",True
T1,Painel B,25Y,S&P 500 em BRL (PR),mult_25Y,"13,22","13,22",True
T1,Painel B,5Y,S&P 500 em BRL (PR),cagr_5Y,"13,90","13,90",True
T1,Painel B,10Y,S&P 500 em BRL (PR),cagr_10Y,"16,82","16,82",True
T1,Painel B,15Y,S&P 500 em BRL (PR),cagr_15Y,"21,11","21,11",True
T1,Painel B,20Y,S&P 500 em BRL (PR),cagr_20Y,"13,44","13,44",True
T1,Painel B,25Y,S&P 500 em BRL (PR),cagr_25Y,"10,90","10,90",True
T1,Painel B,5Y,S&P 500 em BRL (TR),mult_5Y,"2,06","2,06",True
T1,Painel B,10Y,S&P 500 em BRL (TR),mult_10Y,"5,63","5,63",True
T1,Painel B,15Y,S&P 500 em BRL (TR),mult_15Y,"23,35","23,35",True
T1,Painel B,20Y,S&P 500 em BRL (TR),mult_20Y,"18,25","18,25",True
T1,Painel B,25Y,S&P 500 em BRL (TR),mult_25Y,"21,10","21,10",True
T1,Painel B,5Y,S&P 500 em BRL (TR),cagr_5Y,"15,63","15,63",True
T1,Painel B,10Y,S&P 500 em BRL (TR),cagr_10Y,"18,91","18,91",True
T1,Painel B,15Y,S&P 500 em BRL (TR),cagr_15Y,"23,42","23,42",True
T1,Painel B,20Y,S&P 500 em BRL (TR),cagr_20Y,"15,66","15,66",True
T1,Painel B,25Y,S&P 500 em BRL (TR),cagr_25Y,"13,00","13,00",True
T1,Painel C,5Y,Portfólio A (TR),mult_5Y,"1,75","1,75",True
T1,Painel C,10Y,Portfólio A (TR),mult_10Y,"4,55","4,55",True
T1,Painel C,15Y,Portfólio A (TR),mult_15Y,"4,62","4,62",True
T1,Painel C,20Y,Portfólio A (TR),mult_20Y,"11,83","11,83",True
T1,Painel C,25Y,Portfólio A (TR),mult_25Y,"51,28","51,28",True
T1,Painel C,5Y,Portfólio A (TR),cagr_5Y,"12,00","12,00",True
T1,Painel C,10Y,Portfólio A (TR),cagr_10Y,"16,63","16,63",True
T1,Painel C,15Y,Portfólio A (TR),cagr_15Y,"10,93","10,93",True
T1,Painel C,20Y,Portfólio A (TR),cagr_20Y,"13,39","13,39",True
T1,Painel C,25Y,Portfólio A (TR),cagr_25Y,"17,37","17,37",True
T1,Painel C,5Y,Portfólio B (TR),mult_5Y,"1,51","1,51",True
T1,Painel C,10Y,Portfólio B (TR),mult_10Y,"5,40","5,40",True
T1,Painel C,15Y,Portfólio B (TR),mult_15Y,"4,95","4,95",True
T1,Painel C,20Y,Portfólio B (TR),mult_20Y,"13,88","13,88",True
T1,Painel C,25Y,Portfólio B (TR),mult_25Y,"40,85","40,85",True
T1,Painel C,5Y,Portfólio B (TR),cagr_5Y,"8,74","8,74",True
T1,Painel C,10Y,Portfólio B (TR),cagr_10Y,"18,69","18,69",True
T1,Painel C,15Y,Portfólio B (TR),cagr_15Y,"11,45","11,45",True
T1,Painel C,20Y,Portfólio B (TR),cagr_20Y,"14,31","14,31",True
T1,Painel C,25Y,Portfólio B (TR),cagr_25Y,"16,29","16,29",True
T1,Painel C,5Y,Portfólio C (TR),mult_5Y,"1,81","1,81",True
T1,Painel C,10Y,Portfólio C (TR),mult_10Y,"5,34","5,34",True
T1,Painel C,15Y,Portfólio C (TR),mult_15Y,"5,12","5,12",True
T1,Painel C,20Y,Portfólio C (TR),mult_20Y,"12,88","12,88",True
T1,Painel C,25Y,Portfólio C (TR),mult_25Y,"52,12","52,12",True
T1,Painel C,5Y,Portfólio C (TR),cagr_5Y,"12,72","12,72",True
T1,Painel C,10Y,Portfólio C (TR),cagr_10Y,"18,56","18,56",True
T1,Painel C,15Y,Portfólio C (TR),cagr_15Y,"11,70","11,70",True
T1,Painel C,20Y,Portfólio C (TR),cagr_20Y,"13,88","13,88",True
T1,Painel C,25Y,Portfólio C (TR),cagr_25Y,"17,45","17,45",True
T1,Painel C,5Y,CDI (TR),mult_5Y,"1,52","1,52",True
T1,Painel C,10Y,CDI (TR),mult_10Y,"2,42","2,42",True
T1,Painel C,15Y,CDI (TR),mult_15Y,"3,86","3,86",True
T1,Painel C,20Y,CDI (TR),mult_20Y,"7,23","7,23",True
T1,Painel C,25Y,CDI (TR),mult_25Y,"16,94","16,94",True
T1,Painel C,5Y,CDI (TR),cagr_5Y,"8,81","8,81",True
T1,Painel C,10Y,CDI (TR),cagr_10Y,"9,28","9,28",True
T1,Painel C,15Y,CDI (TR),cagr_15Y,"9,45","9,45",True
T1,Painel C,20Y,CDI (TR),cagr_20Y,"10,44","10,44",True
T1,Painel C,25Y,CDI (TR),cagr_25Y,"12,03","12,03",True
T1,Painel C,5Y,Ibovespa (TR),mult_5Y,"1,12","1,12",True
T1,Painel C,10Y,Ibovespa (TR),mult_10Y,"2,59","2,59",True
T1,Painel C,15Y,Ibovespa (TR),mult_15Y,"1,93","1,93",True
T1,Painel C,20Y,Ibovespa (TR),mult_20Y,"4,75","4,75",True
T1,Painel C,25Y,Ibovespa (TR),mult_25Y,"6,75","6,75",True
T1,Painel C,5Y,Ibovespa (TR),cagr_5Y,"2,24","2,24",True
T1,Painel C,10Y,Ibovespa (TR),cagr_10Y,"10,15","10,15",True
T1,Painel C,15Y,Ibovespa (TR),cagr_15Y,"4,56","4,56",True
T1,Painel C,20Y,Ibovespa (TR),cagr_20Y,"8,25","8,25",True
T1,Painel C,25Y,Ibovespa (TR),cagr_25Y,"8,08","8,08",True
T1,Painel C,5Y,S&P 500 em BRL (PR),mult_5Y,"2,42","2,42",True
T1,Painel C,10Y,S&P 500 em BRL (PR),mult_10Y,"6,04","6,04",True
T1,Painel C,15Y,S&P 500 em BRL (PR),mult_15Y,"17,76","17,76",True
T1,Painel C,20Y,S&P 500 em BRL (PR),mult_20Y,"11,22","11,22",True
T1,Painel C,25Y,S&P 500 em BRL (PR),mult_25Y,"13,99","13,99",True
T1,Painel C,5Y,S&P 500 em BRL (PR),cagr_5Y,"19,39","19,39",True
T1,Painel C,10Y,S&P 500 em BRL (PR),cagr_10Y,"19,73","19,73",True
T1,Painel C,15Y,S&P 500 em BRL (PR),cagr_15Y,"21,18","21,18",True
T1,Painel C,20Y,S&P 500 em BRL (PR),cagr_20Y,"12,87","12,87",True
T1,Painel C,25Y,S&P 500 em BRL (PR),cagr_25Y,"11,15","11,15",True
T1,Painel C,5Y,S&P 500 em BRL (TR),mult_5Y,"2,62","2,62",True
T1,Painel C,10Y,S&P 500 em BRL (TR),mult_10Y,"7,23","7,23",True
T1,Painel C,15Y,S&P 500 em BRL (TR),mult_15Y,"23,64","23,64",True
T1,Painel C,20Y,S&P 500 em BRL (TR),mult_20Y,"16,57","16,57",True
T1,Painel C,25Y,S&P 500 em BRL (TR),mult_25Y,"22,32","22,32",True
T1,Painel C,5Y,S&P 500 em BRL (TR),cagr_5Y,"21,27","21,27",True
T1,Painel C,10Y,S&P 500 em BRL (TR),cagr_10Y,"21,92","21,92",True
T1,Painel C,15Y,S&P 500 em BRL (TR),cagr_15Y,"23,52","23,52",True
T1,Painel C,20Y,S&P 500 em BRL (TR),cagr_20Y,"15,10","15,10",True
T1,Painel C,25Y,S&P 500 em BRL (TR),cagr_25Y,"13,25","13,25",True
T2,D0,5Y,Portfólio A (TR),vol,"15,56","15,56",True
T2,D0,5Y,Portfólio A (TR),dd,"-6,93","-6,93",True
T2,D0,5Y,Portfólio A (TR),sharpe,"0,507","0,507",True
T2,D0,5Y,Portfólio A (TR),sortino,"0,881","0,881",True
T2,D0,5Y,Portfólio A (TR),neg,"37,70","37,70",True
T2,D0,5Y,Portfólio A (TR),worst,"-9,35","-9,35",True
T2,D0,5Y,Portfólio A (TR),best,"13,64","13,64",True
T2,D0,5Y,Portfólio A (TR),N,61,61,True
T2,D0,5Y,Portfólio B (TR),vol,"17,37","17,37",True
T2,D0,5Y,Portfólio B (TR),dd,"-11,35","-11,35",True
T2,D0,5Y,Portfólio B (TR),sharpe,"0,548","0,548",True
T2,D0,5Y,Portfólio B (TR),sortino,"0,883","0,883",True
T2,D0,5Y,Portfólio B (TR),neg,"32,79","32,79",True
T2,D0,5Y,Portfólio B (TR),worst,"-9,89","-9,89",True
T2,D0,5Y,Portfólio B (TR),best,"12,96","12,96",True
T2,D0,5Y,Portfólio B (TR),N,61,61,True
T2,D0,5Y,Portfólio C (TR),vol,"18,35","18,35",True
T2,D0,5Y,Portfólio C (TR),dd,"-11,91","-11,91",True
T2,D0,5Y,Portfólio C (TR),sharpe,"0,480","0,480",True
T2,D0,5Y,Portfólio C (TR),sortino,"0,788","0,788",True
T2,D0,5Y,Portfólio C (TR),neg,"39,34","39,34",True
T2,D0,5Y,Portfólio C (TR),worst,"-9,09","-9,09",True
T2,D0,5Y,Portfólio C (TR),best,"14,51","14,51",True
T2,D0,5Y,Portfólio C (TR),N,61,61,True
T2,D0,5Y,CDI (TR),vol,"1,01","1,01",True
T2,D0,5Y,CDI (TR),dd,"0,00","0,00",True
T2,D0,5Y,CDI (TR),sharpe,"0,000","0,000",True
T2,D0,5Y,CDI (TR),sortino,"0,000","0,000",True
T2,D0,5Y,CDI (TR),neg,"0,00","0,00",True
T2,D0,5Y,CDI (TR),worst,"0,07","0,07",True
T2,D0,5Y,CDI (TR),best,"1,28","1,28",True
T2,D0,5Y,CDI (TR),N,61,61,True
T2,D0,5Y,Ibovespa (TR),vol,"17,57","17,57",True
T2,D0,5Y,Ibovespa (TR),dd,"-22,29","-22,29",True
T2,D0,5Y,Ibovespa (TR),sharpe,"-0,006","-0,006",True
T2,D0,5Y,Ibovespa (TR),sortino,"-0,009","-0,009",True
T2,D0,5Y,Ibovespa (TR),neg,"39,34","39,34",True
T2,D0,5Y,Ibovespa (TR),worst,"-11,50","-11,50",True
T2,D0,5Y,Ibovespa (TR),best,"12,56","12,56",True
T2,D0,5Y,Ibovespa (TR),N,61,61,True
T2,D0,5Y,S&P 500 em BRL (PR),vol,"15,64","15,64",True
T2,D0,5Y,S&P 500 em BRL (PR),dd,"-27,13","-27,13",True
T2,D0,5Y,S&P 500 em BRL (PR),sharpe,"0,080","0,080",True
T2,D0,5Y,S&P 500 em BRL (PR),sortino,"0,117","0,117",True
T2,D0,5Y,S&P 500 em BRL (PR),neg,"45,90","45,90",True
T2,D0,5Y,S&P 500 em BRL (PR),worst,"-9,05","-9,05",True
T2,D0,5Y,S&P 500 em BRL (PR),best,"10,92","10,92",True
T2,D0,5Y,S&P 500 em BRL (PR),N,61,61,True
T2,D0,5Y,S&P 500 em BRL (TR),vol,"15,66","15,66",True
T2,D0,5Y,S&P 500 em BRL (TR),dd,"-26,24","-26,24",True
T2,D0,5Y,S&P 500 em BRL (TR),sharpe,"0,172","0,172",True
T2,D0,5Y,S&P 500 em BRL (TR),sortino,"0,259","0,259",True
T2,D0,5Y,S&P 500 em BRL (TR),neg,"45,90","45,90",True
T2,D0,5Y,S&P 500 em BRL (TR),worst,"-8,97","-8,97",True
T2,D0,5Y,S&P 500 em BRL (TR),best,"11,01","11,01",True
T2,D0,5Y,S&P 500 em BRL (TR),N,61,61,True
T2,D0,10Y,Portfólio A (TR),vol,"22,73","22,73",True
T2,D0,10Y,Portfólio A (TR),dd,"-33,55","-33,55",True
T2,D0,10Y,Portfólio A (TR),sharpe,"0,671","0,671",True
T2,D0,10Y,Portfólio A (TR),sortino,"1,137","1,137",True
T2,D0,10Y,Portfólio A (TR),neg,"34,71","34,71",True
T2,D0,10Y,Portfólio A (TR),worst,"-25,22","-25,22",True
T2,D0,10Y,Portfólio A (TR),best,"24,42","24,42",True
T2,D0,10Y,Portfólio A (TR),N,121,121,True
T2,D0,10Y,Portfólio B (TR),vol,"22,09","22,09",True
T2,D0,10Y,Portfólio B (TR),dd,"-31,23","-31,23",True
T2,D0,10Y,Portfólio B (TR),sharpe,"0,756","0,756",True
T2,D0,10Y,Portfólio B (TR),sortino,"1,214","1,214",True
T2,D0,10Y,Portfólio B (TR),neg,"33,88","33,88",True
T2,D0,10Y,Portfólio B (TR),worst,"-26,31","-26,31",True
T2,D0,10Y,Portfólio B (TR),best,"19,44","19,44",True
T2,D0,10Y,Portfólio B (TR),N,121,121,True
T2,D0,10Y,Portfólio C (TR),vol,"28,18","28,18",True
T2,D0,10Y,Portfólio C (TR),dd,"-37,37","-37,37",True
T2,D0,10Y,Portfólio C (TR),sharpe,"0,641","0,641",True
T2,D0,10Y,Portfólio C (TR),sortino,"1,059","1,059",True
T2,D0,10Y,Portfólio C (TR),neg,"41,32","41,32",True
T2,D0,10Y,Portfólio C (TR),worst,"-30,66","-30,66",True
T2,D0,10Y,Portfólio C (TR),best,"29,55","29,55",True
T2,D0,10Y,Portfólio C (TR),N,121,121,True
T2,D0,10Y,CDI (TR),vol,"1,14","1,14",True
T2,D0,10Y,CDI (TR),dd,"0,00","0,00",True
T2,D0,10Y,CDI (TR),sharpe,"0,000","0,000",True
T2,D0,10Y,CDI (TR),sortino,"0,000","0,000",True
T2,D0,10Y,CDI (TR),neg,"0,00","0,00",True
T2,D0,10Y,CDI (TR),worst,"0,13","0,13",True
T2,D0,10Y,CDI (TR),best,"1,28","1,28",True
T2,D0,10Y,CDI (TR),N,121,121,True
T2,D0,10Y,Ibovespa (TR),vol,"21,70","21,70",True
T2,D0,10Y,Ibovespa (TR),dd,"-36,86","-36,86",True
T2,D0,10Y,Ibovespa (TR),sharpe,"0,404","0,404",True
T2,D0,10Y,Ibovespa (TR),sortino,"0,589","0,589",True
T2,D0,10Y,Ibovespa (TR),neg,"36,36","36,36",True
T2,D0,10Y,Ibovespa (TR),worst,"-29,90","-29,90",True
T2,D0,10Y,Ibovespa (TR),best,"16,97","16,97",True
T2,D0,10Y,Ibovespa (TR),N,121,121,True
T2,D0,10Y,S&P 500 em BRL (PR),vol,"17,31","17,31",True
T2,D0,10Y,S&P 500 em BRL (PR),dd,"-27,13","-27,13",True
T2,D0,10Y,S&P 500 em BRL (PR),sharpe,"0,485","0,485",True
T2,D0,10Y,S&P 500 em BRL (PR),sortino,"0,773","0,773",True
T2,D0,10Y,S&P 500 em BRL (PR),neg,"38,84","38,84",True
T2,D0,10Y,S&P 500 em BRL (PR),worst,"-13,59","-13,59",True
T2,D0,10Y,S&P 500 em BRL (PR),best,"17,63","17,63",True
T2,D0,10Y,S&P 500 em BRL (PR),N,121,121,True
T2,D0,10Y,S&P 500 em BRL (TR),vol,"17,36","17,36",True
T2,D0,10Y,S&P 500 em BRL (TR),dd,"-26,24","-26,24",True
T2,D0,10Y,S&P 500 em BRL (TR),sharpe,"0,582","0,582",True
T2,D0,10Y,S&P 500 em BRL (TR),sortino,"0,951","0,951",True
T2,D0,10Y,S&P 500 em BRL (TR),neg,"38,02","38,02",True
T2,D0,10Y,S&P 500 em BRL (TR),worst,"-13,49","-13,49",True
T2,D0,10Y,S&P 500 em BRL (TR),best,"17,77","17,77",True
T2,D0,10Y,S&P 500 em BRL (TR),N,121,121,True
T2,D0,15Y,Portfólio A (TR),vol,"18,96","18,96",True
T2,D0,15Y,Portfólio A (TR),dd,"-33,24","-33,24",True
T2,D0,15Y,Portfólio A (TR),sharpe,"0,229","0,229",True
T2,D0,15Y,Portfólio A (TR),sortino,"0,339","0,339",True
T2,D0,15Y,Portfólio A (TR),neg,"39,78","39,78",True
T2,D0,15Y,Portfólio A (TR),worst,"-23,30","-23,30",True
T2,D0,15Y,Portfólio A (TR),best,"16,97","16,97",True
T2,D0,15Y,Portfólio A (TR),N,181,181,True
T2,D0,15Y,Portfólio B (TR),vol,"21,10","21,10",True
T2,D0,15Y,Portfólio B (TR),dd,"-31,69","-31,69",True
T2,D0,15Y,Portfólio B (TR),sharpe,"0,295","0,295",True
T2,D0,15Y,Portfólio B (TR),sortino,"0,424","0,424",True
T2,D0,15Y,Portfólio B (TR),neg,"40,33","40,33",True
T2,D0,15Y,Portfólio B (TR),worst,"-27,48","-27,48",True
T2,D0,15Y,Portfólio B (TR),best,"18,08","18,08",True
T2,D0,15Y,Portfólio B (TR),N,181,181,True
T2,D0,15Y,Portfólio C (TR),vol,"23,72","23,72",True
T2,D0,15Y,Portfólio C (TR),dd,"-42,61","-42,61",True
T2,D0,15Y,Portfólio C (TR),sharpe,"0,224","0,224",True
T2,D0,15Y,Portfólio C (TR),sortino,"0,326","0,326",True
T2,D0,15Y,Portfólio C (TR),neg,"42,54","42,54",True
T2,D0,15Y,Portfólio C (TR),worst,"-32,80","-32,80",True
T2,D0,15Y,Portfólio C (TR),best,"19,69","19,69",True
T2,D0,15Y,Portfólio C (TR),N,181,181,True
T2,D0,15Y,CDI (TR),vol,"1,01","1,01",True
T2,D0,15Y,CDI (TR),dd,"0,00","0,00",True
T2,D0,15Y,CDI (TR),sharpe,"0,000","0,000",True
T2,D0,15Y,CDI (TR),sortino,"0,000","0,000",True
T2,D0,15Y,CDI (TR),neg,"0,00","0,00",True
T2,D0,15Y,CDI (TR),worst,"0,13","0,13",True
T2,D0,15Y,CDI (TR),best,"1,28","1,28",True
T2,D0,15Y,CDI (TR),N,181,181,True
T2,D0,15Y,Ibovespa (TR),vol,"21,09","21,09",True
T2,D0,15Y,Ibovespa (TR),dd,"-41,10","-41,10",True
T2,D0,15Y,Ibovespa (TR),sharpe,"0,002","0,002",True
T2,D0,15Y,Ibovespa (TR),sortino,"0,002","0,002",True
T2,D0,15Y,Ibovespa (TR),neg,"43,65","43,65",True
T2,D0,15Y,Ibovespa (TR),worst,"-29,90","-29,90",True
T2,D0,15Y,Ibovespa (TR),best,"16,97","16,97",True
T2,D0,15Y,Ibovespa (TR),N,181,181,True
T2,D0,15Y,S&P 500 em BRL (PR),vol,"16,57","16,57",True
T2,D0,15Y,S&P 500 em BRL (PR),dd,"-27,13","-27,13",True
T2,D0,15Y,S&P 500 em BRL (PR),sharpe,"0,642","0,642",True
T2,D0,15Y,S&P 500 em BRL (PR),sortino,"1,092","1,092",True
T2,D0,15Y,S&P 500 em BRL (PR),neg,"37,02","37,02",True
T2,D0,15Y,S&P 500 em BRL (PR),worst,"-13,59","-13,59",True
T2,D0,15Y,S&P 500 em BRL (PR),best,"17,63","17,63",True
T2,D0,15Y,S&P 500 em BRL (PR),N,181,181,True
T2,D0,15Y,S&P 500 em BRL (TR),vol,"16,63","16,63",True
T2,D0,15Y,S&P 500 em BRL (TR),dd,"-26,24","-26,24",True
T2,D0,15Y,S&P 500 em BRL (TR),sharpe,"0,752","0,752",True
T2,D0,15Y,S&P 500 em BRL (TR),sortino,"1,316","1,316",True
T2,D0,15Y,S&P 500 em BRL (TR),neg,"35,91","35,91",True
T2,D0,15Y,S&P 500 em BRL (TR),worst,"-13,49","-13,49",True
T2,D0,15Y,S&P 500 em BRL (TR),best,"17,77","17,77",True
T2,D0,15Y,S&P 500 em BRL (TR),N,181,181,True
T2,D0,20Y,Portfólio A (TR),vol,"18,55","18,55",True
T2,D0,20Y,Portfólio A (TR),dd,"-39,37","-39,37",True
T2,D0,20Y,Portfólio A (TR),sharpe,"0,194","0,194",True
T2,D0,20Y,Portfólio A (TR),sortino,"0,275","0,275",True
T2,D0,20Y,Portfólio A (TR),neg,"39,00","39,00",True
T2,D0,20Y,Portfólio A (TR),worst,"-23,08","-23,08",True
T2,D0,20Y,Portfólio A (TR),best,"16,31","16,31",True
T2,D0,20Y,Portfólio A (TR),N,241,241,True
T2,D0,20Y,Portfólio B (TR),vol,"21,37","21,37",True
T2,D0,20Y,Portfólio B (TR),dd,"-47,09","-47,09",True
T2,D0,20Y,Portfólio B (TR),sharpe,"0,287","0,287",True
T2,D0,20Y,Portfólio B (TR),sortino,"0,398","0,398",True
T2,D0,20Y,Portfólio B (TR),neg,"39,00","39,00",True
T2,D0,20Y,Portfólio B (TR),worst,"-27,72","-27,72",True
T2,D0,20Y,Portfólio B (TR),best,"18,10","18,10",True
T2,D0,20Y,Portfólio B (TR),N,241,241,True
T2,D0,20Y,Portfólio C (TR),vol,"24,02","24,02",True
T2,D0,20Y,Portfólio C (TR),dd,"-51,91","-51,91",True
T2,D0,20Y,Portfólio C (TR),sharpe,"0,214","0,214",True
T2,D0,20Y,Portfólio C (TR),sortino,"0,303","0,303",True
T2,D0,20Y,Portfólio C (TR),neg,"43,15","43,15",True
T2,D0,20Y,Portfólio C (TR),worst,"-31,73","-31,73",True
T2,D0,20Y,Portfólio C (TR),best,"19,72","19,72",True
T2,D0,20Y,Portfólio C (TR),N,241,241,True
T2,D0,20Y,CDI (TR),vol,"0,94","0,94",True
T2,D0,20Y,CDI (TR),dd,"0,00","0,00",True
T2,D0,20Y,CDI (TR),sharpe,"0,000","0,000",True
T2,D0,20Y,CDI (TR),sortino,"0,000","0,000",True
T2,D0,20Y,CDI (TR),neg,"0,00","0,00",True
T2,D0,20Y,CDI (TR),worst,"0,13","0,13",True
T2,D0,20Y,CDI (TR),best,"1,42","1,42",True
T2,D0,20Y,CDI (TR),N,241,241,True
T2,D0,20Y,Ibovespa (TR),vol,"21,81","21,81",True
T2,D0,20Y,Ibovespa (TR),dd,"-49,59","-49,59",True
T2,D0,20Y,Ibovespa (TR),sharpe,"0,036","0,036",True
T2,D0,20Y,Ibovespa (TR),sortino,"0,050","0,050",True
T2,D0,20Y,Ibovespa (TR),neg,"42,32","42,32",True
T2,D0,20Y,Ibovespa (TR),worst,"-29,90","-29,90",True
T2,D0,20Y,Ibovespa (TR),best,"16,97","16,97",True
T2,D0,20Y,Ibovespa (TR),N,241,241,True
T2,D0,20Y,S&P 500 em BRL (PR),vol,"16,47","16,47",True
T2,D0,20Y,S&P 500 em BRL (PR),dd,"-42,78","-42,78",True
T2,D0,20Y,S&P 500 em BRL (PR),sharpe,"0,274","0,274",True
T2,D0,20Y,S&P 500 em BRL (PR),sortino,"0,416","0,416",True
T2,D0,20Y,S&P 500 em BRL (PR),neg,"39,83","39,83",True
T2,D0,20Y,S&P 500 em BRL (PR),worst,"-13,59","-13,59",True
T2,D0,20Y,S&P 500 em BRL (PR),best,"17,63","17,63",True
T2,D0,20Y,S&P 500 em BRL (PR),N,241,241,True
T2,D0,20Y,S&P 500 em BRL (TR),vol,"16,52","16,52",True
T2,D0,20Y,S&P 500 em BRL (TR),dd,"-40,03","-40,03",True
T2,D0,20Y,S&P 500 em BRL (TR),sharpe,"0,389","0,389",True
T2,D0,20Y,S&P 500 em BRL (TR),sortino,"0,608","0,608",True
T2,D0,20Y,S&P 500 em BRL (TR),neg,"38,59","38,59",True
T2,D0,20Y,S&P 500 em BRL (TR),worst,"-13,49","-13,49",True
T2,D0,20Y,S&P 500 em BRL (TR),best,"17,77","17,77",True
T2,D0,20Y,S&P 500 em BRL (TR),N,241,241,True
T2,D0,25Y,Portfólio A (TR),vol,"21,44","21,44",True
T2,D0,25Y,Portfólio A (TR),dd,"-44,22","-44,22",True
T2,D0,25Y,Portfólio A (TR),sharpe,"0,320","0,320",True
T2,D0,25Y,Portfólio A (TR),sortino,"0,480","0,480",True
T2,D0,25Y,Portfólio A (TR),neg,"41,86","41,86",True
T2,D0,25Y,Portfólio A (TR),worst,"-24,82","-24,82",True
T2,D0,25Y,Portfólio A (TR),best,"21,14","21,14",True
T2,D0,25Y,Portfólio A (TR),N,301,301,True
T2,D0,25Y,Portfólio B (TR),vol,"22,57","22,57",True
T2,D0,25Y,Portfólio B (TR),dd,"-52,48","-52,48",True
T2,D0,25Y,Portfólio B (TR),sharpe,"0,306","0,306",True
T2,D0,25Y,Portfólio B (TR),sortino,"0,439","0,439",True
T2,D0,25Y,Portfólio B (TR),neg,"38,54","38,54",True
T2,D0,25Y,Portfólio B (TR),worst,"-27,44","-27,44",True
T2,D0,25Y,Portfólio B (TR),best,"20,84","20,84",True
T2,D0,25Y,Portfólio B (TR),N,301,301,True
T2,D0,25Y,Portfólio C (TR),vol,"25,40","25,40",True
T2,D0,25Y,Portfólio C (TR),dd,"-55,78","-55,78",True
T2,D0,25Y,Portfólio C (TR),sharpe,"0,314","0,314",True
T2,D0,25Y,Portfólio C (TR),sortino,"0,462","0,462",True
T2,D0,25Y,Portfólio C (TR),neg,"41,20","41,20",True
T2,D0,25Y,Portfólio C (TR),worst,"-32,63","-32,63",True
T2,D0,25Y,Portfólio C (TR),best,"21,30","21,30",True
T2,D0,25Y,Portfólio C (TR),N,301,301,True
T2,D0,25Y,CDI (TR),vol,"1,28","1,28",True
T2,D0,25Y,CDI (TR),dd,"0,00","0,00",True
T2,D0,25Y,CDI (TR),sharpe,"0,000","0,000",True
T2,D0,25Y,CDI (TR),sortino,"0,000","0,000",True
T2,D0,25Y,CDI (TR),neg,"0,00","0,00",True
T2,D0,25Y,CDI (TR),worst,"0,13","0,13",True
T2,D0,25Y,CDI (TR),best,"2,08","2,08",True
T2,D0,25Y,CDI (TR),N,301,301,True
T2,D0,25Y,Ibovespa (TR),vol,"23,25","23,25",True
T2,D0,25Y,Ibovespa (TR),dd,"-49,59","-49,59",True
T2,D0,25Y,Ibovespa (TR),sharpe,"0,046","0,046",True
T2,D0,25Y,Ibovespa (TR),sortino,"0,064","0,064",True
T2,D0,25Y,Ibovespa (TR),neg,"42,86","42,86",True
T2,D0,25Y,Ibovespa (TR),worst,"-29,90","-29,90",True
T2,D0,25Y,Ibovespa (TR),best,"17,92","17,92",True
T2,D0,25Y,Ibovespa (TR),N,301,301,True
T2,D0,25Y,S&P 500 em BRL (PR),vol,"16,71","16,71",True
T2,D0,25Y,S&P 500 em BRL (PR),dd,"-50,68","-50,68",True
T2,D0,25Y,S&P 500 em BRL (PR),sharpe,"0,035","0,035",True
T2,D0,25Y,S&P 500 em BRL (PR),sortino,"0,051","0,051",True
T2,D0,25Y,S&P 500 em BRL (PR),neg,"42,19","42,19",True
T2,D0,25Y,S&P 500 em BRL (PR),worst,"-13,59","-13,59",True
T2,D0,25Y,S&P 500 em BRL (PR),best,"17,63","17,63",True
T2,D0,25Y,S&P 500 em BRL (PR),N,301,301,True
T2,D0,25Y,S&P 500 em BRL (TR),vol,"16,75","16,75",True
T2,D0,25Y,S&P 500 em BRL (TR),dd,"-45,82","-45,82",True
T2,D0,25Y,S&P 500 em BRL (TR),sharpe,"0,146","0,146",True
T2,D0,25Y,S&P 500 em BRL (TR),sortino,"0,217","0,217",True
T2,D0,25Y,S&P 500 em BRL (TR),neg,"41,20","41,20",True
T2,D0,25Y,S&P 500 em BRL (TR),worst,"-13,49","-13,49",True
T2,D0,25Y,S&P 500 em BRL (TR),best,"17,77","17,77",True
T2,D0,25Y,S&P 500 em BRL (TR),N,301,301,True
T2,D-6m,5Y,Portfólio A (TR),vol,"17,36","17,36",True
T2,D-6m,5Y,Portfólio A (TR),dd,"-10,75","-10,75",True
T2,D-6m,5Y,Portfólio A (TR),sharpe,"0,411","0,411",True
T2,D-6m,5Y,Portfólio A (TR),sortino,"0,757","0,757",True
T2,D-6m,5Y,Portfólio A (TR),neg,"42,62","42,62",True
T2,D-6m,5Y,Portfólio A (TR),worst,"-7,13","-7,13",True
T2,D-6m,5Y,Portfólio A (TR),best,"18,01","18,01",True
T2,D-6m,5Y,Portfólio A (TR),N,61,61,True
T2,D-6m,5Y,Portfólio B (TR),vol,"18,32","18,32",True
T2,D-6m,5Y,Portfólio B (TR),dd,"-12,83","-12,83",True
T2,D-6m,5Y,Portfólio B (TR),sharpe,"0,288","0,288",True
T2,D-6m,5Y,Portfólio B (TR),sortino,"0,470","0,470",True
T2,D-6m,5Y,Portfólio B (TR),neg,"39,34","39,34",True
T2,D-6m,5Y,Portfólio B (TR),worst,"-8,82","-8,82",True
T2,D-6m,5Y,Portfólio B (TR),best,"17,35","17,35",True
T2,D-6m,5Y,Portfólio B (TR),N,61,61,True
T2,D-6m,5Y,Portfólio C (TR),vol,"21,26","21,26",True
T2,D-6m,5Y,Portfólio C (TR),dd,"-17,01","-17,01",True
T2,D-6m,5Y,Portfólio C (TR),sharpe,"0,431","0,431",True
T2,D-6m,5Y,Portfólio C (TR),sortino,"0,779","0,779",True
T2,D-6m,5Y,Portfólio C (TR),neg,"47,54","47,54",True
T2,D-6m,5Y,Portfólio C (TR),worst,"-10,06","-10,06",True
T2,D-6m,5Y,Portfólio C (TR),best,"19,39","19,39",True
T2,D-6m,5Y,Portfólio C (TR),N,61,61,True
T2,D-6m,5Y,CDI (TR),vol,"1,19","1,19",True
T2,D-6m,5Y,CDI (TR),dd,"0,00","0,00",True
T2,D-6m,5Y,CDI (TR),sharpe,"0,000","0,000",True
T2,D-6m,5Y,CDI (TR),sortino,"0,000","0,000",True
T2,D-6m,5Y,CDI (TR),neg,"0,00","0,00",True
T2,D-6m,5Y,CDI (TR),worst,"0,11","0,11",True
T2,D-6m,5Y,CDI (TR),best,"1,28","1,28",True
T2,D-6m,5Y,CDI (TR),N,61,61,True
T2,D-6m,5Y,Ibovespa (TR),vol,"18,27","18,27",True
T2,D-6m,5Y,Ibovespa (TR),dd,"-22,29","-22,29",True
T2,D-6m,5Y,Ibovespa (TR),sharpe,"-0,126","-0,126",True
T2,D-6m,5Y,Ibovespa (TR),sortino,"-0,182","-0,182",True
T2,D-6m,5Y,Ibovespa (TR),neg,"45,90","45,90",True
T2,D-6m,5Y,Ibovespa (TR),worst,"-11,50","-11,50",True
T2,D-6m,5Y,Ibovespa (TR),best,"15,90","15,90",True
T2,D-6m,5Y,Ibovespa (TR),N,61,61,True
T2,D-6m,5Y,S&P 500 em BRL (PR),vol,"15,72","15,72",True
T2,D-6m,5Y,S&P 500 em BRL (PR),dd,"-27,13","-27,13",True
T2,D-6m,5Y,S&P 500 em BRL (PR),sharpe,"0,297","0,297",True
T2,D-6m,5Y,S&P 500 em BRL (PR),sortino,"0,450","0,450",True
T2,D-6m,5Y,S&P 500 em BRL (PR),neg,"42,62","42,62",True
T2,D-6m,5Y,S&P 500 em BRL (PR),worst,"-9,05","-9,05",True
T2,D-6m,5Y,S&P 500 em BRL (PR),best,"10,92","10,92",True
T2,D-6m,5Y,S&P 500 em BRL (PR),N,61,61,True
T2,D-6m,5Y,S&P 500 em BRL (TR),vol,"15,74","15,74",True
T2,D-6m,5Y,S&P 500 em BRL (TR),dd,"-26,24","-26,24",True
T2,D-6m,5Y,S&P 500 em BRL (TR),sharpe,"0,391","0,391",True
T2,D-6m,5Y,S&P 500 em BRL (TR),sortino,"0,606","0,606",True
T2,D-6m,5Y,S&P 500 em BRL (TR),neg,"42,62","42,62",True
T2,D-6m,5Y,S&P 500 em BRL (TR),worst,"-8,97","-8,97",True
T2,D-6m,5Y,S&P 500 em BRL (TR),best,"11,01","11,01",True
T2,D-6m,5Y,S&P 500 em BRL (TR),N,61,61,True
T2,D-6m,10Y,Portfólio A (TR),vol,"21,81","21,81",True
T2,D-6m,10Y,Portfólio A (TR),dd,"-32,47","-32,47",True
T2,D-6m,10Y,Portfólio A (TR),sharpe,"0,372","0,372",True
T2,D-6m,10Y,Portfólio A (TR),sortino,"0,585","0,585",True
T2,D-6m,10Y,Portfólio A (TR),neg,"39,67","39,67",True
T2,D-6m,10Y,Portfólio A (TR),worst,"-24,59","-24,59",True
T2,D-6m,10Y,Portfólio A (TR),best,"21,79","21,79",True
T2,D-6m,10Y,Portfólio A (TR),N,121,121,True
T2,D-6m,10Y,Portfólio B (TR),vol,"21,70","21,70",True
T2,D-6m,10Y,Portfólio B (TR),dd,"-31,72","-31,72",True
T2,D-6m,10Y,Portfólio B (TR),sharpe,"0,483","0,483",True
T2,D-6m,10Y,Portfólio B (TR),sortino,"0,716","0,716",True
T2,D-6m,10Y,Portfólio B (TR),neg,"38,02","38,02",True
T2,D-6m,10Y,Portfólio B (TR),worst,"-27,24","-27,24",True
T2,D-6m,10Y,Portfólio B (TR),best,"15,98","15,98",True
T2,D-6m,10Y,Portfólio B (TR),N,121,121,True
T2,D-6m,10Y,Portfólio C (TR),vol,"29,78","29,78",True
T2,D-6m,10Y,Portfólio C (TR),dd,"-38,30","-38,30",True
T2,D-6m,10Y,Portfólio C (TR),sharpe,"0,404","0,404",True
T2,D-6m,10Y,Portfólio C (TR),sortino,"0,632","0,632",True
T2,D-6m,10Y,Portfólio C (TR),neg,"42,15","42,15",True
T2,D-6m,10Y,Portfólio C (TR),worst,"-31,62","-31,62",True
T2,D-6m,10Y,Portfólio C (TR),best,"27,14","27,14",True
T2,D-6m,10Y,Portfólio C (TR),N,121,121,True
T2,D-6m,10Y,CDI (TR),vol,"1,12","1,12",True
T2,D-6m,10Y,CDI (TR),dd,"0,00","0,00",True
T2,D-6m,10Y,CDI (TR),sharpe,"0,000","0,000",True
T2,D-6m,10Y,CDI (TR),sortino,"0,000","0,000",True
T2,D-6m,10Y,CDI (TR),neg,"0,00","0,00",True
T2,D-6m,10Y,CDI (TR),worst,"0,13","0,13",True
T2,D-6m,10Y,CDI (TR),best,"1,28","1,28",True
T2,D-6m,10Y,CDI (TR),N,121,121,True
T2,D-6m,10Y,Ibovespa (TR),vol,"21,66","21,66",True
T2,D-6m,10Y,Ibovespa (TR),dd,"-36,86","-36,86",True
T2,D-6m,10Y,Ibovespa (TR),sharpe,"0,168","0,168",True
T2,D-6m,10Y,Ibovespa (TR),sortino,"0,237","0,237",True
T2,D-6m,10Y,Ibovespa (TR),neg,"40,50","40,50",True
T2,D-6m,10Y,Ibovespa (TR),worst,"-29,90","-29,90",True
T2,D-6m,10Y,Ibovespa (TR),best,"16,97","16,97",True
T2,D-6m,10Y,Ibovespa (TR),N,121,121,True
T2,D-6m,10Y,S&P 500 em BRL (PR),vol,"17,38","17,38",True
T2,D-6m,10Y,S&P 500 em BRL (PR),dd,"-27,13","-27,13",True
T2,D-6m,10Y,S&P 500 em BRL (PR),sharpe,"0,460","0,460",True
T2,D-6m,10Y,S&P 500 em BRL (PR),sortino,"0,735","0,735",True
T2,D-6m,10Y,S&P 500 em BRL (PR),neg,"40,50","40,50",True
T2,D-6m,10Y,S&P 500 em BRL (PR),worst,"-13,59","-13,59",True
T2,D-6m,10Y,S&P 500 em BRL (PR),best,"17,63","17,63",True
T2,D-6m,10Y,S&P 500 em BRL (PR),N,121,121,True
T2,D-6m,10Y,S&P 500 em BRL (TR),vol,"17,43","17,43",True
T2,D-6m,10Y,S&P 500 em BRL (TR),dd,"-26,24","-26,24",True
T2,D-6m,10Y,S&P 500 em BRL (TR),sharpe,"0,560","0,560",True
T2,D-6m,10Y,S&P 500 em BRL (TR),sortino,"0,917","0,917",True
T2,D-6m,10Y,S&P 500 em BRL (TR),neg,"38,84","38,84",True
T2,D-6m,10Y,S&P 500 em BRL (TR),worst,"-13,49","-13,49",True
T2,D-6m,10Y,S&P 500 em BRL (TR),best,"17,77","17,77",True
T2,D-6m,10Y,S&P 500 em BRL (TR),N,121,121,True
T2,D-6m,15Y,Portfólio A (TR),vol,"18,34","18,34",True
T2,D-6m,15Y,Portfólio A (TR),dd,"-31,81","-31,81",True
T2,D-6m,15Y,Portfólio A (TR),sharpe,"0,167","0,167",True
T2,D-6m,15Y,Portfólio A (TR),sortino,"0,244","0,244",True
T2,D-6m,15Y,Portfólio A (TR),neg,"38,67","38,67",True
T2,D-6m,15Y,Portfólio A (TR),worst,"-22,47","-22,47",True
T2,D-6m,15Y,Portfólio A (TR),best,"16,29","16,29",True
T2,D-6m,15Y,Portfólio A (TR),N,181,181,True
T2,D-6m,15Y,Portfólio B (TR),vol,"20,87","20,87",True
T2,D-6m,15Y,Portfólio B (TR),dd,"-31,72","-31,72",True
T2,D-6m,15Y,Portfólio B (TR),sharpe,"0,215","0,215",True
T2,D-6m,15Y,Portfólio B (TR),sortino,"0,304","0,304",True
T2,D-6m,15Y,Portfólio B (TR),neg,"41,99","41,99",True
T2,D-6m,15Y,Portfólio B (TR),worst,"-27,54","-27,54",True
T2,D-6m,15Y,Portfólio B (TR),best,"18,56","18,56",True
T2,D-6m,15Y,Portfólio B (TR),N,181,181,True
T2,D-6m,15Y,Portfólio C (TR),vol,"22,82","22,82",True
T2,D-6m,15Y,Portfólio C (TR),dd,"-38,84","-38,84",True
T2,D-6m,15Y,Portfólio C (TR),sharpe,"0,190","0,190",True
T2,D-6m,15Y,Portfólio C (TR),sortino,"0,272","0,272",True
T2,D-6m,15Y,Portfólio C (TR),neg,"45,30","45,30",True
T2,D-6m,15Y,Portfólio C (TR),worst,"-32,70","-32,70",True
T2,D-6m,15Y,Portfólio C (TR),best,"18,21","18,21",True
T2,D-6m,15Y,Portfólio C (TR),N,181,181,True
T2,D-6m,15Y,CDI (TR),vol,"0,97","0,97",True
T2,D-6m,15Y,CDI (TR),dd,"0,00","0,00",True
T2,D-6m,15Y,CDI (TR),sharpe,"0,000","0,000",True
T2,D-6m,15Y,CDI (TR),sortino,"0,000","0,000",True
T2,D-6m,15Y,CDI (TR),neg,"0,00","0,00",True
T2,D-6m,15Y,CDI (TR),worst,"0,13","0,13",True
T2,D-6m,15Y,CDI (TR),best,"1,28","1,28",True
T2,D-6m,15Y,CDI (TR),N,181,181,True
T2,D-6m,15Y,Ibovespa (TR),vol,"20,88","20,88",True
T2,D-6m,15Y,Ibovespa (TR),dd,"-42,84","-42,84",True
T2,D-6m,15Y,Ibovespa (TR),sharpe,"-0,107","-0,107",True
T2,D-6m,15Y,Ibovespa (TR),sortino,"-0,145","-0,145",True
T2,D-6m,15Y,Ibovespa (TR),neg,"45,30","45,30",True
T2,D-6m,15Y,Ibovespa (TR),worst,"-29,90","-29,90",True
T2,D-6m,15Y,Ibovespa (TR),best,"16,97","16,97",True
T2,D-6m,15Y,Ibovespa (TR),N,181,181,True
T2,D-6m,15Y,S&P 500 em BRL (PR),vol,"16,67","16,67",True
T2,D-6m,15Y,S&P 500 em BRL (PR),dd,"-27,13","-27,13",True
T2,D-6m,15Y,S&P 500 em BRL (PR),sharpe,"0,677","0,677",True
T2,D-6m,15Y,S&P 500 em BRL (PR),sortino,"1,147","1,147",True
T2,D-6m,15Y,S&P 500 em BRL (PR),neg,"35,91","35,91",True
T2,D-6m,15Y,S&P 500 em BRL (PR),worst,"-13,59","-13,59",True
T2,D-6m,15Y,S&P 500 em BRL (PR),best,"17,63","17,63",True
T2,D-6m,15Y,S&P 500 em BRL (PR),N,181,181,True
T2,D-6m,15Y,S&P 500 em BRL (TR),vol,"16,73","16,73",True
T2,D-6m,15Y,S&P 500 em BRL (TR),dd,"-26,24","-26,24",True
T2,D-6m,15Y,S&P 500 em BRL (TR),sharpe,"0,788","0,788",True
T2,D-6m,15Y,S&P 500 em BRL (TR),sortino,"1,373","1,373",True
T2,D-6m,15Y,S&P 500 em BRL (TR),neg,"34,81","34,81",True
T2,D-6m,15Y,S&P 500 em BRL (TR),worst,"-13,49","-13,49",True
T2,D-6m,15Y,S&P 500 em BRL (TR),best,"17,77","17,77",True
T2,D-6m,15Y,S&P 500 em BRL (TR),N,181,181,True
T2,D-6m,20Y,Portfólio A (TR),vol,"19,46","19,46",True
T2,D-6m,20Y,Portfólio A (TR),dd,"-39,68","-39,68",True
T2,D-6m,20Y,Portfólio A (TR),sharpe,"0,210","0,210",True
T2,D-6m,20Y,Portfólio A (TR),sortino,"0,303","0,303",True
T2,D-6m,20Y,Portfólio A (TR),neg,"39,83","39,83",True
T2,D-6m,20Y,Portfólio A (TR),worst,"-23,79","-23,79",True
T2,D-6m,20Y,Portfólio A (TR),best,"16,74","16,74",True
T2,D-6m,20Y,Portfólio A (TR),N,241,241,True
T2,D-6m,20Y,Portfólio B (TR),vol,"22,22","22,22",True
T2,D-6m,20Y,Portfólio B (TR),dd,"-47,53","-47,53",True
T2,D-6m,20Y,Portfólio B (TR),sharpe,"0,289","0,289",True
T2,D-6m,20Y,Portfólio B (TR),sortino,"0,403","0,403",True
T2,D-6m,20Y,Portfólio B (TR),neg,"38,17","38,17",True
T2,D-6m,20Y,Portfólio B (TR),worst,"-27,87","-27,87",True
T2,D-6m,20Y,Portfólio B (TR),best,"17,77","17,77",True
T2,D-6m,20Y,Portfólio B (TR),N,241,241,True
T2,D-6m,20Y,Portfólio C (TR),vol,"25,11","25,11",True
T2,D-6m,20Y,Portfólio C (TR),dd,"-50,63","-50,63",True
T2,D-6m,20Y,Portfólio C (TR),sharpe,"0,239","0,239",True
T2,D-6m,20Y,Portfólio C (TR),sortino,"0,348","0,348",True
T2,D-6m,20Y,Portfólio C (TR),neg,"43,98","43,98",True
T2,D-6m,20Y,Portfólio C (TR),worst,"-31,76","-31,76",True
T2,D-6m,20Y,Portfólio C (TR),best,"22,83","22,83",True
T2,D-6m,20Y,Portfólio C (TR),N,241,241,True
T2,D-6m,20Y,CDI (TR),vol,"0,98","0,98",True
T2,D-6m,20Y,CDI (TR),dd,"0,00","0,00",True
T2,D-6m,20Y,CDI (TR),sharpe,"0,000","0,000",True
T2,D-6m,20Y,CDI (TR),sortino,"0,000","0,000",True
T2,D-6m,20Y,CDI (TR),neg,"0,00","0,00",True
T2,D-6m,20Y,CDI (TR),worst,"0,13","0,13",True
T2,D-6m,20Y,CDI (TR),best,"1,50","1,50",True
T2,D-6m,20Y,CDI (TR),N,241,241,True
T2,D-6m,20Y,Ibovespa (TR),vol,"22,02","22,02",True
T2,D-6m,20Y,Ibovespa (TR),dd,"-49,59","-49,59",True
T2,D-6m,20Y,Ibovespa (TR),sharpe,"0,034","0,034",True
T2,D-6m,20Y,Ibovespa (TR),sortino,"0,046","0,046",True
T2,D-6m,20Y,Ibovespa (TR),neg,"42,74","42,74",True
T2,D-6m,20Y,Ibovespa (TR),worst,"-29,90","-29,90",True
T2,D-6m,20Y,Ibovespa (TR),best,"16,97","16,97",True
T2,D-6m,20Y,Ibovespa (TR),N,241,241,True
T2,D-6m,20Y,S&P 500 em BRL (PR),vol,"16,59","16,59",True
T2,D-6m,20Y,S&P 500 em BRL (PR),dd,"-42,78","-42,78",True
T2,D-6m,20Y,S&P 500 em BRL (PR),sharpe,"0,248","0,248",True
T2,D-6m,20Y,S&P 500 em BRL (PR),sortino,"0,376","0,376",True
T2,D-6m,20Y,S&P 500 em BRL (PR),neg,"40,25","40,25",True
T2,D-6m,20Y,S&P 500 em BRL (PR),worst,"-13,59","-13,59",True
T2,D-6m,20Y,S&P 500 em BRL (PR),best,"17,63","17,63",True
T2,D-6m,20Y,S&P 500 em BRL (PR),N,241,241,True
T2,D-6m,20Y,S&P 500 em BRL (TR),vol,"16,63","16,63",True
T2,D-6m,20Y,S&P 500 em BRL (TR),dd,"-40,03","-40,03",True
T2,D-6m,20Y,S&P 500 em BRL (TR),sharpe,"0,364","0,364",True
T2,D-6m,20Y,S&P 500 em BRL (TR),sortino,"0,566","0,566",True
T2,D-6m,20Y,S&P 500 em BRL (TR),neg,"39,00","39,00",True
T2,D-6m,20Y,S&P 500 em BRL (TR),worst,"-13,49","-13,49",True
T2,D-6m,20Y,S&P 500 em BRL (TR),best,"17,77","17,77",True
T2,D-6m,20Y,S&P 500 em BRL (TR),N,241,241,True
T2,D-6m,25Y,Portfólio A (TR),vol,"21,60","21,60",True
T2,D-6m,25Y,Portfólio A (TR),dd,"-43,66","-43,66",True
T2,D-6m,25Y,Portfólio A (TR),sharpe,"0,306","0,306",True
T2,D-6m,25Y,Portfólio A (TR),sortino,"0,462","0,462",True
T2,D-6m,25Y,Portfólio A (TR),neg,"42,19","42,19",True
T2,D-6m,25Y,Portfólio A (TR),worst,"-24,67","-24,67",True
T2,D-6m,25Y,Portfólio A (TR),best,"21,70","21,70",True
T2,D-6m,25Y,Portfólio A (TR),N,301,301,True
T2,D-6m,25Y,Portfólio B (TR),vol,"22,60","22,60",True
T2,D-6m,25Y,Portfólio B (TR),dd,"-52,50","-52,50",True
T2,D-6m,25Y,Portfólio B (TR),sharpe,"0,273","0,273",True
T2,D-6m,25Y,Portfólio B (TR),sortino,"0,392","0,392",True
T2,D-6m,25Y,Portfólio B (TR),neg,"39,87","39,87",True
T2,D-6m,25Y,Portfólio B (TR),worst,"-27,36","-27,36",True
T2,D-6m,25Y,Portfólio B (TR),best,"20,78","20,78",True
T2,D-6m,25Y,Portfólio B (TR),N,301,301,True
T2,D-6m,25Y,Portfólio C (TR),vol,"25,95","25,95",True
T2,D-6m,25Y,Portfólio C (TR),dd,"-55,35","-55,35",True
T2,D-6m,25Y,Portfólio C (TR),sharpe,"0,295","0,295",True
T2,D-6m,25Y,Portfólio C (TR),sortino,"0,439","0,439",True
T2,D-6m,25Y,Portfólio C (TR),neg,"42,52","42,52",True
T2,D-6m,25Y,Portfólio C (TR),worst,"-32,44","-32,44",True
T2,D-6m,25Y,Portfólio C (TR),best,"23,04","23,04",True
T2,D-6m,25Y,Portfólio C (TR),N,301,301,True
T2,D-6m,25Y,CDI (TR),vol,"1,28","1,28",True
T2,D-6m,25Y,CDI (TR),dd,"0,00","0,00",True
T2,D-6m,25Y,CDI (TR),sharpe,"0,000","0,000",True
T2,D-6m,25Y,CDI (TR),sortino,"0,000","0,000",True
T2,D-6m,25Y,CDI (TR),neg,"0,00","0,00",True
T2,D-6m,25Y,CDI (TR),worst,"0,13","0,13",True
T2,D-6m,25Y,CDI (TR),best,"2,08","2,08",True
T2,D-6m,25Y,CDI (TR),N,301,301,True
T2,D-6m,25Y,Ibovespa (TR),vol,"23,73","23,73",True
T2,D-6m,25Y,Ibovespa (TR),dd,"-51,21","-51,21",True
T2,D-6m,25Y,Ibovespa (TR),sharpe,"-0,003","-0,003",True
T2,D-6m,25Y,Ibovespa (TR),sortino,"-0,004","-0,004",True
T2,D-6m,25Y,Ibovespa (TR),neg,"43,85","43,85",True
T2,D-6m,25Y,Ibovespa (TR),worst,"-29,90","-29,90",True
T2,D-6m,25Y,Ibovespa (TR),best,"17,92","17,92",True
T2,D-6m,25Y,Ibovespa (TR),N,301,301,True
T2,D-6m,25Y,S&P 500 em BRL (PR),vol,"16,82","16,82",True
T2,D-6m,25Y,S&P 500 em BRL (PR),dd,"-50,68","-50,68",True
T2,D-6m,25Y,S&P 500 em BRL (PR),sharpe,"0,027","0,027",True
T2,D-6m,25Y,S&P 500 em BRL (PR),sortino,"0,038","0,038",True
T2,D-6m,25Y,S&P 500 em BRL (PR),neg,"41,86","41,86",True
T2,D-6m,25Y,S&P 500 em BRL (PR),worst,"-13,59","-13,59",True
T2,D-6m,25Y,S&P 500 em BRL (PR),best,"17,63","17,63",True
T2,D-6m,25Y,S&P 500 em BRL (PR),N,301,301,True
T2,D-6m,25Y,S&P 500 em BRL (TR),vol,"16,87","16,87",True
T2,D-6m,25Y,S&P 500 em BRL (TR),dd,"-45,82","-45,82",True
T2,D-6m,25Y,S&P 500 em BRL (TR),sharpe,"0,137","0,137",True
T2,D-6m,25Y,S&P 500 em BRL (TR),sortino,"0,202","0,202",True
T2,D-6m,25Y,S&P 500 em BRL (TR),neg,"40,86","40,86",True
T2,D-6m,25Y,S&P 500 em BRL (TR),worst,"-13,49","-13,49",True
T2,D-6m,25Y,S&P 500 em BRL (TR),best,"17,77","17,77",True
T2,D-6m,25Y,S&P 500 em BRL (TR),N,301,301,True
T2,D-12m,5Y,Portfólio A (TR),vol,"20,71","20,71",True
T2,D-12m,5Y,Portfólio A (TR),dd,"-22,93","-22,93",True
T2,D-12m,5Y,Portfólio A (TR),sharpe,"0,238","0,238",True
T2,D-12m,5Y,Portfólio A (TR),sortino,"0,346","0,346",True
T2,D-12m,5Y,Portfólio A (TR),neg,"42,62","42,62",True
T2,D-12m,5Y,Portfólio A (TR),worst,"-22,93","-22,93",True
T2,D-12m,5Y,Portfólio A (TR),best,"18,11","18,11",True
T2,D-12m,5Y,Portfólio A (TR),N,61,61,True
T2,D-12m,5Y,Portfólio B (TR),vol,"22,26","22,26",True
T2,D-12m,5Y,Portfólio B (TR),dd,"-26,36","-26,36",True
T2,D-12m,5Y,Portfólio B (TR),sharpe,"0,108","0,108",True
T2,D-12m,5Y,Portfólio B (TR),sortino,"0,147","0,147",True
T2,D-12m,5Y,Portfólio B (TR),neg,"44,26","44,26",True
T2,D-12m,5Y,Portfólio B (TR),worst,"-26,36","-26,36",True
T2,D-12m,5Y,Portfólio B (TR),best,"17,28","17,28",True
T2,D-12m,5Y,Portfólio B (TR),N,61,61,True
T2,D-12m,5Y,Portfólio C (TR),vol,"27,40","27,40",True
T2,D-12m,5Y,Portfólio C (TR),dd,"-32,31","-32,31",True
T2,D-12m,5Y,Portfólio C (TR),sharpe,"0,266","0,266",True
T2,D-12m,5Y,Portfólio C (TR),sortino,"0,379","0,379",True
T2,D-12m,5Y,Portfólio C (TR),neg,"47,54","47,54",True
T2,D-12m,5Y,Portfólio C (TR),worst,"-32,31","-32,31",True
T2,D-12m,5Y,Portfólio C (TR),best,"19,93","19,93",True
T2,D-12m,5Y,Portfólio C (TR),N,61,61,True
T2,D-12m,5Y,CDI (TR),vol,"1,24","1,24",True
T2,D-12m,5Y,CDI (TR),dd,"0,00","0,00",True
T2,D-12m,5Y,CDI (TR),sharpe,"0,000","0,000",True
T2,D-12m,5Y,CDI (TR),sortino,"0,000","0,000",True
T2,D-12m,5Y,CDI (TR),neg,"0,00","0,00",True
T2,D-12m,5Y,CDI (TR),worst,"0,13","0,13",True
T2,D-12m,5Y,CDI (TR),best,"1,17","1,17",True
T2,D-12m,5Y,CDI (TR),N,61,61,True
T2,D-12m,5Y,Ibovespa (TR),vol,"23,94","23,94",True
T2,D-12m,5Y,Ibovespa (TR),dd,"-29,90","-29,90",True
T2,D-12m,5Y,Ibovespa (TR),sharpe,"-0,131","-0,131",True
T2,D-12m,5Y,Ibovespa (TR),sortino,"-0,170","-0,170",True
T2,D-12m,5Y,Ibovespa (TR),neg,"47,54","47,54",True
T2,D-12m,5Y,Ibovespa (TR),worst,"-29,90","-29,90",True
T2,D-12m,5Y,Ibovespa (TR),best,"15,90","15,90",True
T2,D-12m,5Y,Ibovespa (TR),N,61,61,True
T2,D-12m,5Y,S&P 500 em BRL (PR),vol,"17,64","17,64",True
T2,D-12m,5Y,S&P 500 em BRL (PR),dd,"-27,13","-27,13",True
T2,D-12m,5Y,S&P 500 em BRL (PR),sharpe,"0,598","0,598",True
T2,D-12m,5Y,S&P 500 em BRL (PR),sortino,"1,042","1,042",True
T2,D-12m,5Y,S&P 500 em BRL (PR),neg,"39,34","39,34",True
T2,D-12m,5Y,S&P 500 em BRL (PR),worst,"-9,05","-9,05",True
T2,D-12m,5Y,S&P 500 em BRL (PR),best,"17,63","17,63",True
T2,D-12m,5Y,S&P 500 em BRL (PR),N,61,61,True
T2,D-12m,5Y,S&P 500 em BRL (TR),vol,"17,67","17,67",True
T2,D-12m,5Y,S&P 500 em BRL (TR),dd,"-26,24","-26,24",True
T2,D-12m,5Y,S&P 500 em BRL (TR),sharpe,"0,685","0,685",True
T2,D-12m,5Y,S&P 500 em BRL (TR),sortino,"1,222","1,222",True
T2,D-12m,5Y,S&P 500 em BRL (TR),neg,"39,34","39,34",True
T2,D-12m,5Y,S&P 500 em BRL (TR),worst,"-8,97","-8,97",True
T2,D-12m,5Y,S&P 500 em BRL (TR),best,"17,77","17,77",True
T2,D-12m,5Y,S&P 500 em BRL (TR),N,61,61,True
T2,D-12m,10Y,Portfólio A (TR),vol,"22,67","22,67",True
T2,D-12m,10Y,Portfólio A (TR),dd,"-34,66","-34,66",True
T2,D-12m,10Y,Portfólio A (TR),sharpe,"0,390","0,390",True
T2,D-12m,10Y,Portfólio A (TR),sortino,"0,613","0,613",True
T2,D-12m,10Y,Portfólio A (TR),neg,"39,67","39,67",True
T2,D-12m,10Y,Portfólio A (TR),worst,"-25,16","-25,16",True
T2,D-12m,10Y,Portfólio A (TR),best,"21,54","21,54",True
T2,D-12m,10Y,Portfólio A (TR),N,121,121,True
T2,D-12m,10Y,Portfólio B (TR),vol,"22,33","22,33",True
T2,D-12m,10Y,Portfólio B (TR),dd,"-32,18","-32,18",True
T2,D-12m,10Y,Portfólio B (TR),sharpe,"0,472","0,472",True
T2,D-12m,10Y,Portfólio B (TR),sortino,"0,707","0,707",True
T2,D-12m,10Y,Portfólio B (TR),neg,"39,67","39,67",True
T2,D-12m,10Y,Portfólio B (TR),worst,"-27,74","-27,74",True
T2,D-12m,10Y,Portfólio B (TR),best,"16,02","16,02",True
T2,D-12m,10Y,Portfólio B (TR),N,121,121,True
T2,D-12m,10Y,Portfólio C (TR),vol,"30,05","30,05",True
T2,D-12m,10Y,Portfólio C (TR),dd,"-41,39","-41,39",True
T2,D-12m,10Y,Portfólio C (TR),sharpe,"0,413","0,413",True
T2,D-12m,10Y,Portfólio C (TR),sortino,"0,648","0,648",True
T2,D-12m,10Y,Portfólio C (TR),neg,"42,98","42,98",True
T2,D-12m,10Y,Portfólio C (TR),worst,"-31,87","-31,87",True
T2,D-12m,10Y,Portfólio C (TR),best,"26,66","26,66",True
T2,D-12m,10Y,Portfólio C (TR),N,121,121,True
T2,D-12m,10Y,CDI (TR),vol,"1,11","1,11",True
T2,D-12m,10Y,CDI (TR),dd,"0,00","0,00",True
T2,D-12m,10Y,CDI (TR),sharpe,"0,000","0,000",True
T2,D-12m,10Y,CDI (TR),sortino,"0,000","0,000",True
T2,D-12m,10Y,CDI (TR),neg,"0,00","0,00",True
T2,D-12m,10Y,CDI (TR),worst,"0,13","0,13",True
T2,D-12m,10Y,CDI (TR),best,"1,21","1,21",True
T2,D-12m,10Y,CDI (TR),N,121,121,True
T2,D-12m,10Y,Ibovespa (TR),vol,"22,03","22,03",True
T2,D-12m,10Y,Ibovespa (TR),dd,"-36,86","-36,86",True
T2,D-12m,10Y,Ibovespa (TR),sharpe,"0,143","0,143",True
T2,D-12m,10Y,Ibovespa (TR),sortino,"0,201","0,201",True
T2,D-12m,10Y,Ibovespa (TR),neg,"42,15","42,15",True
T2,D-12m,10Y,Ibovespa (TR),worst,"-29,90","-29,90",True
T2,D-12m,10Y,Ibovespa (TR),best,"16,97","16,97",True
T2,D-12m,10Y,Ibovespa (TR),N,121,121,True
T2,D-12m,10Y,S&P 500 em BRL (PR),vol,"17,74","17,74",True
T2,D-12m,10Y,S&P 500 em BRL (PR),dd,"-27,13","-27,13",True
T2,D-12m,10Y,S&P 500 em BRL (PR),sharpe,"0,596","0,596",True
T2,D-12m,10Y,S&P 500 em BRL (PR),sortino,"0,980","0,980",True
T2,D-12m,10Y,S&P 500 em BRL (PR),neg,"38,84","38,84",True
T2,D-12m,10Y,S&P 500 em BRL (PR),worst,"-13,59","-13,59",True
T2,D-12m,10Y,S&P 500 em BRL (PR),best,"17,63","17,63",True
T2,D-12m,10Y,S&P 500 em BRL (PR),N,121,121,True
T2,D-12m,10Y,S&P 500 em BRL (TR),vol,"17,79","17,79",True
T2,D-12m,10Y,S&P 500 em BRL (TR),dd,"-26,24","-26,24",True
T2,D-12m,10Y,S&P 500 em BRL (TR),sharpe,"0,696","0,696",True
T2,D-12m,10Y,S&P 500 em BRL (TR),sortino,"1,173","1,173",True
T2,D-12m,10Y,S&P 500 em BRL (TR),neg,"37,19","37,19",True
T2,D-12m,10Y,S&P 500 em BRL (TR),worst,"-13,49","-13,49",True
T2,D-12m,10Y,S&P 500 em BRL (TR),best,"17,77","17,77",True
T2,D-12m,10Y,S&P 500 em BRL (TR),N,121,121,True
T2,D-12m,15Y,Portfólio A (TR),vol,"18,21","18,21",True
T2,D-12m,15Y,Portfólio A (TR),dd,"-30,35","-30,35",True
T2,D-12m,15Y,Portfólio A (TR),sharpe,"0,156","0,156",True
T2,D-12m,15Y,Portfólio A (TR),sortino,"0,229","0,229",True
T2,D-12m,15Y,Portfólio A (TR),neg,"38,67","38,67",True
T2,D-12m,15Y,Portfólio A (TR),worst,"-22,17","-22,17",True
T2,D-12m,15Y,Portfólio A (TR),best,"15,70","15,70",True
T2,D-12m,15Y,Portfólio A (TR),N,181,181,True
T2,D-12m,15Y,Portfólio B (TR),vol,"20,86","20,86",True
T2,D-12m,15Y,Portfólio B (TR),dd,"-31,90","-31,90",True
T2,D-12m,15Y,Portfólio B (TR),sharpe,"0,185","0,185",True
T2,D-12m,15Y,Portfólio B (TR),sortino,"0,261","0,261",True
T2,D-12m,15Y,Portfólio B (TR),neg,"42,54","42,54",True
T2,D-12m,15Y,Portfólio B (TR),worst,"-27,64","-27,64",True
T2,D-12m,15Y,Portfólio B (TR),best,"19,04","19,04",True
T2,D-12m,15Y,Portfólio B (TR),N,181,181,True
T2,D-12m,15Y,Portfólio C (TR),vol,"22,58","22,58",True
T2,D-12m,15Y,Portfólio C (TR),dd,"-39,16","-39,16",True
T2,D-12m,15Y,Portfólio C (TR),sharpe,"0,199","0,199",True
T2,D-12m,15Y,Portfólio C (TR),sortino,"0,283","0,283",True
T2,D-12m,15Y,Portfólio C (TR),neg,"44,75","44,75",True
T2,D-12m,15Y,Portfólio C (TR),worst,"-32,77","-32,77",True
T2,D-12m,15Y,Portfólio C (TR),best,"17,58","17,58",True
T2,D-12m,15Y,Portfólio C (TR),N,181,181,True
T2,D-12m,15Y,CDI (TR),vol,"0,96","0,96",True
T2,D-12m,15Y,CDI (TR),dd,"0,00","0,00",True
T2,D-12m,15Y,CDI (TR),sharpe,"0,000","0,000",True
T2,D-12m,15Y,CDI (TR),sortino,"0,000","0,000",True
T2,D-12m,15Y,CDI (TR),neg,"0,00","0,00",True
T2,D-12m,15Y,CDI (TR),worst,"0,13","0,13",True
T2,D-12m,15Y,CDI (TR),best,"1,21","1,21",True
T2,D-12m,15Y,CDI (TR),N,181,181,True
T2,D-12m,15Y,Ibovespa (TR),vol,"21,12","21,12",True
T2,D-12m,15Y,Ibovespa (TR),dd,"-42,84","-42,84",True
T2,D-12m,15Y,Ibovespa (TR),sharpe,"-0,111","-0,111",True
T2,D-12m,15Y,Ibovespa (TR),sortino,"-0,152","-0,152",True
T2,D-12m,15Y,Ibovespa (TR),neg,"46,41","46,41",True
T2,D-12m,15Y,Ibovespa (TR),worst,"-29,90","-29,90",True
T2,D-12m,15Y,Ibovespa (TR),best,"16,97","16,97",True
T2,D-12m,15Y,Ibovespa (TR),N,181,181,True
T2,D-12m,15Y,S&P 500 em BRL (PR),vol,"16,53","16,53",True
T2,D-12m,15Y,S&P 500 em BRL (PR),dd,"-27,13","-27,13",True
T2,D-12m,15Y,S&P 500 em BRL (PR),sharpe,"0,693","0,693",True
T2,D-12m,15Y,S&P 500 em BRL (PR),sortino,"1,180","1,180",True
T2,D-12m,15Y,S&P 500 em BRL (PR),neg,"35,91","35,91",True
T2,D-12m,15Y,S&P 500 em BRL (PR),worst,"-13,59","-13,59",True
T2,D-12m,15Y,S&P 500 em BRL (PR),best,"17,63","17,63",True
T2,D-12m,15Y,S&P 500 em BRL (PR),N,181,181,True
T2,D-12m,15Y,S&P 500 em BRL (TR),vol,"16,58","16,58",True
T2,D-12m,15Y,S&P 500 em BRL (TR),dd,"-26,24","-26,24",True
T2,D-12m,15Y,S&P 500 em BRL (TR),sharpe,"0,807","0,807",True
T2,D-12m,15Y,S&P 500 em BRL (TR),sortino,"1,413","1,413",True
T2,D-12m,15Y,S&P 500 em BRL (TR),neg,"34,81","34,81",True
T2,D-12m,15Y,S&P 500 em BRL (TR),worst,"-13,49","-13,49",True
T2,D-12m,15Y,S&P 500 em BRL (TR),best,"17,77","17,77",True
T2,D-12m,15Y,S&P 500 em BRL (TR),N,181,181,True
T2,D-12m,20Y,Portfólio A (TR),vol,"19,58","19,58",True
T2,D-12m,20Y,Portfólio A (TR),dd,"-39,85","-39,85",True
T2,D-12m,20Y,Portfólio A (TR),sharpe,"0,225","0,225",True
T2,D-12m,20Y,Portfólio A (TR),sortino,"0,323","0,323",True
T2,D-12m,20Y,Portfólio A (TR),neg,"39,42","39,42",True
T2,D-12m,20Y,Portfólio A (TR),worst,"-24,45","-24,45",True
T2,D-12m,20Y,Portfólio A (TR),best,"16,48","16,48",True
T2,D-12m,20Y,Portfólio A (TR),N,241,241,True
T2,D-12m,20Y,Portfólio B (TR),vol,"21,76","21,76",True
T2,D-12m,20Y,Portfólio B (TR),dd,"-45,69","-45,69",True
T2,D-12m,20Y,Portfólio B (TR),sharpe,"0,261","0,261",True
T2,D-12m,20Y,Portfólio B (TR),sortino,"0,367","0,367",True
T2,D-12m,20Y,Portfólio B (TR),neg,"39,83","39,83",True
T2,D-12m,20Y,Portfólio B (TR),worst,"-27,64","-27,64",True
T2,D-12m,20Y,Portfólio B (TR),best,"17,73","17,73",True
T2,D-12m,20Y,Portfólio B (TR),N,241,241,True
T2,D-12m,20Y,Portfólio C (TR),vol,"25,41","25,41",True
T2,D-12m,20Y,Portfólio C (TR),dd,"-49,73","-49,73",True
T2,D-12m,20Y,Portfólio C (TR),sharpe,"0,242","0,242",True
T2,D-12m,20Y,Portfólio C (TR),sortino,"0,355","0,355",True
T2,D-12m,20Y,Portfólio C (TR),neg,"44,40","44,40",True
T2,D-12m,20Y,Portfólio C (TR),worst,"-31,74","-31,74",True
T2,D-12m,20Y,Portfólio C (TR),best,"24,57","24,57",True
T2,D-12m,20Y,Portfólio C (TR),N,241,241,True
T2,D-12m,20Y,CDI (TR),vol,"1,04","1,04",True
T2,D-12m,20Y,CDI (TR),dd,"0,00","0,00",True
T2,D-12m,20Y,CDI (TR),sharpe,"0,000","0,000",True
T2,D-12m,20Y,CDI (TR),sortino,"0,000","0,000",True
T2,D-12m,20Y,CDI (TR),neg,"0,00","0,00",True
T2,D-12m,20Y,CDI (TR),worst,"0,13","0,13",True
T2,D-12m,20Y,CDI (TR),best,"1,65","1,65",True
T2,D-12m,20Y,CDI (TR),N,241,241,True
T2,D-12m,20Y,Ibovespa (TR),vol,"22,14","22,14",True
T2,D-12m,20Y,Ibovespa (TR),dd,"-49,59","-49,59",True
T2,D-12m,20Y,Ibovespa (TR),sharpe,"0,017","0,017",True
T2,D-12m,20Y,Ibovespa (TR),sortino,"0,024","0,024",True
T2,D-12m,20Y,Ibovespa (TR),neg,"43,57","43,57",True
T2,D-12m,20Y,Ibovespa (TR),worst,"-29,90","-29,90",True
T2,D-12m,20Y,Ibovespa (TR),best,"16,97","16,97",True
T2,D-12m,20Y,Ibovespa (TR),N,241,241,True
T2,D-12m,20Y,S&P 500 em BRL (PR),vol,"16,54","16,54",True
T2,D-12m,20Y,S&P 500 em BRL (PR),dd,"-44,45","-44,45",True
T2,D-12m,20Y,S&P 500 em BRL (PR),sharpe,"0,211","0,211",True
T2,D-12m,20Y,S&P 500 em BRL (PR),sortino,"0,318","0,318",True
T2,D-12m,20Y,S&P 500 em BRL (PR),neg,"41,08","41,08",True
T2,D-12m,20Y,S&P 500 em BRL (PR),worst,"-13,59","-13,59",True
T2,D-12m,20Y,S&P 500 em BRL (PR),best,"17,63","17,63",True
T2,D-12m,20Y,S&P 500 em BRL (PR),N,241,241,True
T2,D-12m,20Y,S&P 500 em BRL (TR),vol,"16,58","16,58",True
T2,D-12m,20Y,S&P 500 em BRL (TR),dd,"-40,03","-40,03",True
T2,D-12m,20Y,S&P 500 em BRL (TR),sharpe,"0,328","0,328",True
T2,D-12m,20Y,S&P 500 em BRL (TR),sortino,"0,507","0,507",True
T2,D-12m,20Y,S&P 500 em BRL (TR),neg,"39,42","39,42",True
T2,D-12m,20Y,S&P 500 em BRL (TR),worst,"-13,49","-13,49",True
T2,D-12m,20Y,S&P 500 em BRL (TR),best,"17,77","17,77",True
T2,D-12m,20Y,S&P 500 em BRL (TR),N,241,241,True
T2,D-12m,25Y,Portfólio A (TR),vol,"20,69","20,69",True
T2,D-12m,25Y,Portfólio A (TR),dd,"-42,60","-42,60",True
T2,D-12m,25Y,Portfólio A (TR),sharpe,"0,320","0,320",True
T2,D-12m,25Y,Portfólio A (TR),sortino,"0,479","0,479",True
T2,D-12m,25Y,Portfólio A (TR),neg,"39,20","39,20",True
T2,D-12m,25Y,Portfólio A (TR),worst,"-24,63","-24,63",True
T2,D-12m,25Y,Portfólio A (TR),best,"19,18","19,18",True
T2,D-12m,25Y,Portfólio A (TR),N,301,301,True
T2,D-12m,25Y,Portfólio B (TR),vol,"23,10","23,10",True
T2,D-12m,25Y,Portfólio B (TR),dd,"-52,28","-52,28",True
T2,D-12m,25Y,Portfólio B (TR),sharpe,"0,271","0,271",True
T2,D-12m,25Y,Portfólio B (TR),sortino,"0,390","0,390",True
T2,D-12m,25Y,Portfólio B (TR),neg,"39,20","39,20",True
T2,D-12m,25Y,Portfólio B (TR),worst,"-28,25","-28,25",True
T2,D-12m,25Y,Portfólio B (TR),best,"21,35","21,35",True
T2,D-12m,25Y,Portfólio B (TR),N,301,301,True
T2,D-12m,25Y,Portfólio C (TR),vol,"25,92","25,92",True
T2,D-12m,25Y,Portfólio C (TR),dd,"-55,49","-55,49",True
T2,D-12m,25Y,Portfólio C (TR),sharpe,"0,306","0,306",True
T2,D-12m,25Y,Portfólio C (TR),sortino,"0,454","0,454",True
T2,D-12m,25Y,Portfólio C (TR),neg,"42,52","42,52",True
T2,D-12m,25Y,Portfólio C (TR),worst,"-32,47","-32,47",True
T2,D-12m,25Y,Portfólio C (TR),best,"21,89","21,89",True
T2,D-12m,25Y,Portfólio C (TR),N,301,301,True
T2,D-12m,25Y,CDI (TR),vol,"1,30","1,30",True
T2,D-12m,25Y,CDI (TR),dd,"0,00","0,00",True
T2,D-12m,25Y,CDI (TR),sharpe,"0,000","0,000",True
T2,D-12m,25Y,CDI (TR),sortino,"0,000","0,000",True
T2,D-12m,25Y,CDI (TR),neg,"0,00","0,00",True
T2,D-12m,25Y,CDI (TR),worst,"0,13","0,13",True
T2,D-12m,25Y,CDI (TR),best,"2,08","2,08",True
T2,D-12m,25Y,CDI (TR),N,301,301,True
T2,D-12m,25Y,Ibovespa (TR),vol,"23,99","23,99",True
T2,D-12m,25Y,Ibovespa (TR),dd,"-51,61","-51,61",True
T2,D-12m,25Y,Ibovespa (TR),sharpe,"-0,033","-0,033",True
T2,D-12m,25Y,Ibovespa (TR),sortino,"-0,045","-0,045",True
T2,D-12m,25Y,Ibovespa (TR),neg,"44,85","44,85",True
T2,D-12m,25Y,Ibovespa (TR),worst,"-29,90","-29,90",True
T2,D-12m,25Y,Ibovespa (TR),best,"17,92","17,92",True
T2,D-12m,25Y,Ibovespa (TR),N,301,301,True
T2,D-12m,25Y,S&P 500 em BRL (PR),vol,"16,82","16,82",True
T2,D-12m,25Y,S&P 500 em BRL (PR),dd,"-50,68","-50,68",True
T2,D-12m,25Y,S&P 500 em BRL (PR),sharpe,"0,036","0,036",True
T2,D-12m,25Y,S&P 500 em BRL (PR),sortino,"0,052","0,052",True
T2,D-12m,25Y,S&P 500 em BRL (PR),neg,"41,86","41,86",True
T2,D-12m,25Y,S&P 500 em BRL (PR),worst,"-13,59","-13,59",True
T2,D-12m,25Y,S&P 500 em BRL (PR),best,"17,63","17,63",True
T2,D-12m,25Y,S&P 500 em BRL (PR),N,301,301,True
T2,D-12m,25Y,S&P 500 em BRL (TR),vol,"16,86","16,86",True
T2,D-12m,25Y,S&P 500 em BRL (TR),dd,"-45,82","-45,82",True
T2,D-12m,25Y,S&P 500 em BRL (TR),sharpe,"0,146","0,146",True
T2,D-12m,25Y,S&P 500 em BRL (TR),sortino,"0,217","0,217",True
T2,D-12m,25Y,S&P 500 em BRL (TR),neg,"40,86","40,86",True
T2,D-12m,25Y,S&P 500 em BRL (TR),worst,"-13,49","-13,49",True
T2,D-12m,25Y,S&P 500 em BRL (TR),best,"17,77","17,77",True
T2,D-12m,25Y,S&P 500 em BRL (TR),N,301,301,True
T3A,Painel A,5Y,Portfólio A (TR),D0,"7,90","7,90",True
T3A,Painel A,5Y,Portfólio A (TR),D-6m,"6,71","6,71",True
T3A,Painel A,5Y,Portfólio A (TR),D-12m,"3,19","3,19",True
T3A,Painel A,5Y,Portfólio A (TR),amplitude,"4,71","4,71",True
T3A,Painel A,5Y,Portfólio B (TR),D0,"9,46","9,46",True
T3A,Painel A,5Y,Portfólio B (TR),D-6m,"4,26","4,26",True
T3A,Painel A,5Y,Portfólio B (TR),D-12m,"-0,07","-0,07",True
T3A,Painel A,5Y,Portfólio B (TR),amplitude,"9,53","9,53",True
T3A,Painel A,5Y,Portfólio C (TR),D0,"8,47","8,47",True
T3A,Painel A,5Y,Portfólio C (TR),D-6m,"8,30","8,30",True
T3A,Painel A,5Y,Portfólio C (TR),D-12m,"3,91","3,91",True
T3A,Painel A,5Y,Portfólio C (TR),amplitude,"4,56","4,56",True
T3A,Painel A,10Y,Portfólio A (TR),D0,"15,06","15,06",True
T3A,Painel A,10Y,Portfólio A (TR),D-6m,"6,70","6,70",True
T3A,Painel A,10Y,Portfólio A (TR),D-12m,"7,35","7,35",True
T3A,Painel A,10Y,Portfólio A (TR),amplitude,"8,36","8,36",True
T3A,Painel A,10Y,Portfólio B (TR),D0,"17,02","17,02",True
T3A,Painel A,10Y,Portfólio B (TR),D-6m,"9,48","9,48",True
T3A,Painel A,10Y,Portfólio B (TR),D-12m,"9,41","9,41",True
T3A,Painel A,10Y,Portfólio B (TR),amplitude,"7,61","7,61",True
T3A,Painel A,10Y,Portfólio C (TR),D0,"16,87","16,87",True
T3A,Painel A,10Y,Portfólio C (TR),D-6m,"8,90","8,90",True
T3A,Painel A,10Y,Portfólio C (TR),D-12m,"9,28","9,28",True
T3A,Painel A,10Y,Portfólio C (TR),amplitude,"7,97","7,97",True
T3A,Painel A,15Y,Portfólio A (TR),D0,"3,01","3,01",True
T3A,Painel A,15Y,Portfólio A (TR),D-6m,"1,69","1,69",True
T3A,Painel A,15Y,Portfólio A (TR),D-12m,"1,48","1,48",True
T3A,Painel A,15Y,Portfólio A (TR),amplitude,"1,53","1,53",True
T3A,Painel A,15Y,Portfólio B (TR),D0,"4,64","4,64",True
T3A,Painel A,15Y,Portfólio B (TR),D-6m,"2,69","2,69",True
T3A,Painel A,15Y,Portfólio B (TR),D-12m,"2,00","2,00",True
T3A,Painel A,15Y,Portfólio B (TR),amplitude,"2,64","2,64",True
T3A,Painel A,15Y,Portfólio C (TR),D0,"2,91","2,91",True
T3A,Painel A,15Y,Portfólio C (TR),D-6m,"2,03","2,03",True
T3A,Painel A,15Y,Portfólio C (TR),D-12m,"2,25","2,25",True
T3A,Painel A,15Y,Portfólio C (TR),amplitude,"0,88","0,88",True
T3A,Painel A,20Y,Portfólio A (TR),D0,"2,26","2,26",True
T3A,Painel A,20Y,Portfólio A (TR),D-6m,"2,63","2,63",True
T3A,Painel A,20Y,Portfólio A (TR),D-12m,"2,95","2,95",True
T3A,Painel A,20Y,Portfólio A (TR),amplitude,"0,69","0,69",True
T3A,Painel A,20Y,Portfólio B (TR),D0,"4,49","4,49",True
T3A,Painel A,20Y,Portfólio B (TR),D-6m,"4,59","4,59",True
T3A,Painel A,20Y,Portfólio B (TR),D-12m,"3,87","3,87",True
T3A,Painel A,20Y,Portfólio B (TR),amplitude,"0,72","0,72",True
T3A,Painel A,20Y,Portfólio C (TR),D0,"2,63","2,63",True
T3A,Painel A,20Y,Portfólio C (TR),D-6m,"3,35","3,35",True
T3A,Painel A,20Y,Portfólio C (TR),D-12m,"3,44","3,44",True
T3A,Painel A,20Y,Portfólio C (TR),amplitude,"0,81","0,81",True
T3A,Painel A,25Y,Portfólio A (TR),D0,"5,44","5,44",True
T3A,Painel A,25Y,Portfólio A (TR),D-6m,"5,12","5,12",True
T3A,Painel A,25Y,Portfólio A (TR),D-12m,"5,34","5,34",True
T3A,Painel A,25Y,Portfólio A (TR),amplitude,"0,32","0,32",True
T3A,Painel A,25Y,Portfólio B (TR),D0,"5,16","5,16",True
T3A,Painel A,25Y,Portfólio B (TR),D-6m,"4,31","4,31",True
T3A,Painel A,25Y,Portfólio B (TR),D-12m,"4,26","4,26",True
T3A,Painel A,25Y,Portfólio B (TR),amplitude,"0,90","0,90",True
T3A,Painel A,25Y,Portfólio C (TR),D0,"5,60","5,60",True
T3A,Painel A,25Y,Portfólio C (TR),D-6m,"5,11","5,11",True
T3A,Painel A,25Y,Portfólio C (TR),D-12m,"5,42","5,42",True
T3A,Painel A,25Y,Portfólio C (TR),amplitude,"0,49","0,49",True
T3B,Painel B,5Y,A/B/C,rank_D0,B>C>A,B>C>A,True
T3B,Painel B,5Y,A/B/C,rank_D6M,C>A>B,C>A>B,True
T3B,Painel B,5Y,A/B/C,rank_D12M,C>A>B,C>A>B,True
T3B,Painel B,5Y,A/B/C,stable,Não,Não,True
T3B,Painel B,10Y,A/B/C,rank_D0,B>C>A,B>C>A,True
T3B,Painel B,10Y,A/B/C,rank_D6M,B>C>A,B>C>A,True
T3B,Painel B,10Y,A/B/C,rank_D12M,B>C>A,B>C>A,True
T3B,Painel B,10Y,A/B/C,stable,Sim,Sim,True
T3B,Painel B,15Y,A/B/C,rank_D0,B>A>C,B>A>C,True
T3B,Painel B,15Y,A/B/C,rank_D6M,B>C>A,B>C>A,True
T3B,Painel B,15Y,A/B/C,rank_D12M,C>B>A,C>B>A,True
T3B,Painel B,15Y,A/B/C,stable,Não,Não,True
T3B,Painel B,20Y,A/B/C,rank_D0,B>C>A,B>C>A,True
T3B,Painel B,20Y,A/B/C,rank_D6M,B>C>A,B>C>A,True
T3B,Painel B,20Y,A/B/C,rank_D12M,B>C>A,B>C>A,True
T3B,Painel B,20Y,A/B/C,stable,Sim,Sim,True
T3B,Painel B,25Y,A/B/C,rank_D0,C>A>B,C>A>B,True
T3B,Painel B,25Y,A/B/C,rank_D6M,A>C>B,A>C>B,True
T3B,Painel B,25Y,A/B/C,rank_D12M,C>A>B,C>A>B,True
T3B,Painel B,25Y,A/B/C,stable,Não,Não,True
